frame_index,seconds,lagging_edge_px,leading_edge_px,lagging_edge_mm,leading_edge_mm
0,0.0,34,48,4.840677966101695,6.8338983050847455
1,0.27027027027027023,34,48,4.840677966101695,6.8338983050847455
2,0.5405405405405405,34,44,4.840677966101695,6.264406779661017
3,0.8108108108108107,34,44,4.840677966101695,6.264406779661017
4,1.081081081081081,34,52,4.840677966101695,7.403389830508475
5,1.3513513513513513,34,60,4.840677966101695,8.542372881355933
6,1.6216216216216215,34,64,4.840677966101695,9.111864406779661
7,1.8918918918918919,34,72,4.840677966101695,10.250847457627119
8,2.162162162162162,34,75,4.840677966101695,10.677966101694915
9,2.4324324324324325,34,80,4.840677966101695,11.389830508474576
10,2.7027027027027026,34,85,4.840677966101695,12.101694915254237
11,2.972972972972973,34,89,4.840677966101695,12.671186440677966
12,3.243243243243243,34,93,4.840677966101695,13.240677966101694
13,3.513513513513513,34,96,4.840677966101695,13.667796610169491
14,3.7837837837837838,34,96,4.840677966101695,13.667796610169491
15,4.0540540540540535,34,100,4.840677966101695,14.23728813559322
16,4.324324324324324,34,104,4.840677966101695,14.80677966101695
17,4.594594594594595,34,107,4.840677966101695,15.233898305084747
18,4.864864864864865,34,109,4.840677966101695,15.518644067796611
19,5.135135135135135,34,111,4.840677966101695,15.803389830508475
20,5.405405405405405,34,112,4.840677966101695,15.945762711864408
21,5.675675675675675,34,112,4.840677966101695,15.945762711864408
22,5.945945945945946,34,110,4.840677966101695,15.661016949152543
23,6.216216216216216,34,111,4.840677966101695,15.803389830508475
24,6.486486486486486,34,112,4.840677966101695,15.945762711864408
25,6.756756756756756,34,116,4.840677966101695,16.515254237288136
26,7.027027027027026,34,120,4.840677966101695,17.084745762711865
27,7.297297297297297,34,124,4.840677966101695,17.654237288135594
28,7.5675675675675675,34,126,4.840677966101695,17.938983050847458
29,7.837837837837838,34,128,4.840677966101695,18.223728813559323
30,8.108108108108107,34,128,4.840677966101695,18.223728813559323
31,8.378378378378377,34,132,4.840677966101695,18.79322033898305
32,8.648648648648647,34,133,4.840677966101695,18.935593220338983
33,8.91891891891892,34,134,4.840677966101695,19.077966101694916
34,9.18918918918919,34,134,4.840677966101695,19.077966101694916
35,9.45945945945946,34,133,4.840677966101695,18.935593220338983
36,9.72972972972973,34,128,4.840677966101695,18.223728813559323
37,10.0,34,128,4.840677966101695,18.223728813559323
38,10.27027027027027,34,129,4.840677966101695,18.366101694915255
39,10.54054054054054,34,132,4.840677966101695,18.79322033898305
40,10.81081081081081,34,135,4.840677966101695,19.220338983050848
41,11.08108108108108,34,138,4.840677966101695,19.647457627118644
42,11.35135135135135,34,140,4.840677966101695,19.93220338983051
43,11.621621621621621,34,142,4.840677966101695,20.216949152542373
44,11.891891891891891,34,144,4.840677966101695,20.501694915254237
45,12.162162162162161,34,144,4.840677966101695,20.501694915254237
46,12.432432432432432,34,144,4.840677966101695,20.501694915254237
47,12.702702702702702,34,144,4.840677966101695,20.501694915254237
48,12.972972972972972,34,144,4.840677966101695,20.501694915254237
49,13.243243243243242,34,144,4.840677966101695,20.501694915254237
50,13.513513513513512,34,142,4.840677966101695,20.216949152542373
51,13.783783783783782,34,138,4.840677966101695,19.647457627118644
52,14.054054054054053,34,136,4.840677966101695,19.36271186440678
53,14.324324324324323,34,140,4.840677966101695,19.93220338983051
54,14.594594594594595,34,143,4.840677966101695,20.359322033898305
55,14.864864864864865,34,144,4.840677966101695,20.501694915254237
56,15.135135135135135,34,148,4.840677966101695,21.071186440677966
57,15.405405405405405,34,150,4.840677966101695,21.35593220338983
58,15.675675675675675,34,152,4.840677966101695,21.640677966101695
59,15.945945945945946,34,154,4.840677966101695,21.92542372881356
60,16.216216216216214,34,155,4.840677966101695,22.06779661016949
61,16.486486486486484,34,156,4.840677966101695,22.210169491525424
62,16.756756756756754,34,156,4.840677966101695,22.210169491525424
63,17.027027027027025,34,154,4.840677966101695,21.92542372881356
64,17.297297297297295,34,151,4.840677966101695,21.498305084745763
65,17.56756756756757,34,144,4.840677966101695,20.501694915254237
66,17.83783783783784,34,141,4.840677966101695,20.07457627118644
67,18.10810810810811,34,144,4.840677966101695,20.501694915254237
68,18.37837837837838,34,145,4.840677966101695,20.64406779661017
69,18.64864864864865,34,149,4.840677966101695,21.2135593220339
70,18.91891891891892,34,152,4.840677966101695,21.640677966101695
71,19.18918918918919,34,155,4.840677966101695,22.06779661016949
72,19.45945945945946,34,156,4.840677966101695,22.210169491525424
73,19.72972972972973,34,157,4.840677966101695,22.352542372881356
74,20.0,34,158,4.840677966101695,22.494915254237288
75,20.27027027027027,34,160,4.840677966101695,22.779661016949152
76,20.54054054054054,34,160,4.840677966101695,22.779661016949152
77,20.81081081081081,34,160,4.840677966101695,22.779661016949152
78,21.08108108108108,34,158,4.840677966101695,22.494915254237288
79,21.35135135135135,34,156,4.840677966101695,22.210169491525424
80,21.62162162162162,34,152,4.840677966101695,21.640677966101695
81,21.89189189189189,34,151,4.840677966101695,21.498305084745763
82,22.16216216216216,34,154,4.840677966101695,21.92542372881356
83,22.43243243243243,34,157,4.840677966101695,22.352542372881356
84,22.7027027027027,34,160,4.840677966101695,22.779661016949152
85,22.972972972972972,34,160,4.840677966101695,22.779661016949152
86,23.243243243243242,34,160,4.840677966101695,22.779661016949152
87,23.513513513513512,34,164,4.840677966101695,23.34915254237288
88,23.783783783783782,34,165,4.840677966101695,23.491525423728813
89,24.054054054054053,34,166,4.840677966101695,23.633898305084745
90,24.324324324324323,34,166,4.840677966101695,23.633898305084745
91,24.594594594594593,34,166,4.840677966101695,23.633898305084745
92,24.864864864864863,34,165,4.840677966101695,23.491525423728813
93,25.135135135135133,34,160,4.840677966101695,22.779661016949152
94,25.405405405405403,34,156,4.840677966101695,22.210169491525424
95,25.675675675675674,34,156,4.840677966101695,22.210169491525424
96,25.945945945945944,34,158,4.840677966101695,22.494915254237288
97,26.216216216216214,34,160,4.840677966101695,22.779661016949152
98,26.486486486486484,34,164,4.840677966101695,23.34915254237288
99,26.756756756756754,34,167,4.840677966101695,23.776271186440677
100,27.027027027027025,34,169,4.840677966101695,24.061016949152542
101,27.297297297297295,34,171,4.840677966101695,24.345762711864406
102,27.567567567567565,34,172,4.840677966101695,24.48813559322034
103,27.837837837837835,34,173,4.840677966101695,24.63050847457627
104,28.108108108108105,34,173,4.840677966101695,24.63050847457627
105,28.378378378378375,34,173,4.840677966101695,24.63050847457627
106,28.648648648648646,34,172,4.840677966101695,24.48813559322034
107,28.91891891891892,34,170,4.840677966101695,24.203389830508474
108,29.18918918918919,34,167,4.840677966101695,23.776271186440677
109,29.45945945945946,34,160,4.840677966101695,22.779661016949152
110,29.72972972972973,34,160,4.840677966101695,22.779661016949152
111,30.0,34,164,4.840677966101695,23.34915254237288
112,30.27027027027027,34,168,4.840677966101695,23.91864406779661
113,30.54054054054054,34,170,4.840677966101695,24.203389830508474
114,30.81081081081081,34,172,4.840677966101695,24.48813559322034
115,31.08108108108108,34,175,4.840677966101695,24.915254237288135
116,31.35135135135135,34,176,4.840677966101695,25.057627118644067
117,31.62162162162162,34,177,4.840677966101695,25.2
118,31.89189189189189,34,176,4.840677966101695,25.057627118644067
119,32.16216216216216,34,180,4.840677966101695,25.627118644067796
120,32.43243243243243,34,177,4.840677966101695,25.2
121,32.7027027027027,34,176,4.840677966101695,25.057627118644067
122,32.97297297297297,34,174,4.840677966101695,24.772881355932203
123,33.24324324324324,34,169,4.840677966101695,24.061016949152542
124,33.51351351351351,34,167,4.840677966101695,23.776271186440677
125,33.78378378378378,34,169,4.840677966101695,24.061016949152542
126,34.05405405405405,34,172,4.840677966101695,24.48813559322034
127,34.32432432432432,34,176,4.840677966101695,25.057627118644067
128,34.59459459459459,34,176,4.840677966101695,25.057627118644067
129,34.86486486486486,34,180,4.840677966101695,25.627118644067796
130,35.13513513513514,34,182,4.840677966101695,25.91186440677966
131,35.4054054054054,34,184,4.840677966101695,26.196610169491525
132,35.67567567567568,34,185,4.840677966101695,26.338983050847457
133,35.945945945945944,34,185,4.840677966101695,26.338983050847457
134,36.21621621621622,34,184,4.840677966101695,26.196610169491525
135,36.486486486486484,34,184,4.840677966101695,26.196610169491525
136,36.75675675675676,34,181,4.840677966101695,25.769491525423728
137,37.027027027027025,34,177,4.840677966101695,25.2
138,37.2972972972973,34,172,4.840677966101695,24.48813559322034
139,37.567567567567565,34,176,4.840677966101695,25.057627118644067
140,37.83783783783784,34,176,4.840677966101695,25.057627118644067
141,38.108108108108105,34,180,4.840677966101695,25.627118644067796
142,38.37837837837838,34,184,4.840677966101695,26.196610169491525
143,38.648648648648646,34,186,4.840677966101695,26.48135593220339
144,38.91891891891892,34,188,4.840677966101695,26.766101694915253
145,39.189189189189186,34,189,4.840677966101695,26.908474576271185
146,39.45945945945946,34,190,4.840677966101695,27.050847457627118
147,39.729729729729726,34,190,4.840677966101695,27.050847457627118
148,40.0,34,190,4.840677966101695,27.050847457627118
149,40.27027027027027,34,190,4.840677966101695,27.050847457627118
150,40.54054054054054,34,188,4.840677966101695,26.766101694915253
151,40.81081081081081,34,184,4.840677966101695,26.196610169491525
152,41.08108108108108,34,177,4.840677966101695,25.2
153,41.35135135135135,34,176,4.840677966101695,25.057627118644067
154,41.62162162162162,34,180,4.840677966101695,25.627118644067796
155,41.89189189189189,34,184,4.840677966101695,26.196610169491525
156,42.16216216216216,34,188,4.840677966101695,26.766101694915253
157,42.43243243243243,34,190,4.840677966101695,27.050847457627118
158,42.7027027027027,34,192,4.840677966101695,27.335593220338982
159,42.97297297297297,34,192,4.840677966101695,27.335593220338982
160,43.24324324324324,34,192,4.840677966101695,27.335593220338982
161,43.51351351351351,34,193,4.840677966101695,27.477966101694914
162,43.78378378378378,34,196,4.840677966101695,27.90508474576271
163,44.05405405405405,34,196,4.840677966101695,27.90508474576271
164,44.32432432432432,34,192,4.840677966101695,27.335593220338982
165,44.59459459459459,34,189,4.840677966101695,26.908474576271185
166,44.86486486486486,34,184,4.840677966101695,26.196610169491525
167,45.13513513513513,34,182,4.840677966101695,25.91186440677966
168,45.4054054054054,34,184,4.840677966101695,26.196610169491525
169,45.67567567567567,34,188,4.840677966101695,26.766101694915253
170,45.945945945945944,34,192,4.840677966101695,27.335593220338982
171,46.21621621621621,34,196,4.840677966101695,27.90508474576271
172,46.486486486486484,34,198,4.840677966101695,28.189830508474575
173,46.75675675675676,34,199,4.840677966101695,28.332203389830507
174,47.027027027027025,34,200,4.840677966101695,28.47457627118644
175,47.2972972972973,34,200,4.840677966101695,28.47457627118644
176,47.567567567567565,34,200,4.840677966101695,28.47457627118644
177,47.83783783783784,34,200,4.840677966101695,28.47457627118644
178,48.108108108108105,36,200,5.125423728813559,28.47457627118644
179,48.37837837837838,36,198,5.125423728813559,28.189830508474575
180,48.648648648648646,35,192,4.983050847457627,27.335593220338982
181,48.91891891891892,35,187,4.983050847457627,26.62372881355932
182,49.189189189189186,35,188,4.983050847457627,26.766101694915253
183,49.45945945945946,35,192,4.983050847457627,27.335593220338982
184,49.729729729729726,35,196,4.983050847457627,27.90508474576271
185,50.0,35,199,4.983050847457627,28.332203389830507
186,50.27027027027027,35,201,4.983050847457627,28.61694915254237
187,50.54054054054054,35,203,4.983050847457627,28.901694915254236
188,50.81081081081081,35,204,4.983050847457627,29.044067796610168
189,51.08108108108108,36,205,5.125423728813559,29.1864406779661
190,51.35135135135135,36,205,5.125423728813559,29.1864406779661
191,51.62162162162162,36,205,5.125423728813559,29.1864406779661
192,51.89189189189189,38,204,5.410169491525424,29.044067796610168
193,52.16216216216216,38,202,5.410169491525424,28.759322033898304
194,52.43243243243243,37,200,5.2677966101694915,28.47457627118644
195,52.7027027027027,36,192,5.125423728813559,27.335593220338982
196,52.97297297297297,35,191,4.983050847457627,27.19322033898305
197,53.24324324324324,34,193,4.840677966101695,27.477966101694914
198,53.51351351351351,34,200,4.840677966101695,28.47457627118644
199,53.78378378378378,34,203,4.840677966101695,28.901694915254236
200,54.05405405405405,34,206,4.840677966101695,29.328813559322032
201,54.32432432432432,34,208,4.840677966101695,29.6135593220339
202,54.59459459459459,34,209,4.840677966101695,29.755932203389833
203,54.86486486486486,34,209,4.840677966101695,29.755932203389833
204,55.13513513513513,34,208,4.840677966101695,29.6135593220339
205,55.4054054054054,36,208,5.125423728813559,29.6135593220339
206,55.67567567567567,38,208,5.410169491525424,29.6135593220339
207,55.945945945945944,40,206,5.694915254237288,29.328813559322032
208,56.21621621621621,39,204,5.552542372881356,29.044067796610168
209,56.486486486486484,38,198,5.410169491525424,28.189830508474575
210,56.75675675675675,38,195,5.410169491525424,27.76271186440678
211,57.027027027027025,38,197,5.410169491525424,28.047457627118643
212,57.29729729729729,38,203,5.410169491525424,28.901694915254236
213,57.567567567567565,38,207,5.410169491525424,29.471186440677968
214,57.83783783783784,38,208,5.410169491525424,29.6135593220339
215,58.108108108108105,38,208,5.410169491525424,29.6135593220339
216,58.37837837837838,38,209,5.410169491525424,29.755932203389833
217,58.648648648648646,39,212,5.552542372881356,30.18305084745763
218,58.91891891891892,40,212,5.694915254237288,30.18305084745763
219,59.189189189189186,41,212,5.83728813559322,30.18305084745763
220,59.45945945945946,43,212,6.122033898305085,30.18305084745763
221,59.729729729729726,48,208,6.8338983050847455,29.6135593220339
222,60.0,48,208,6.8338983050847455,29.6135593220339
223,60.27027027027027,44,204,6.264406779661017,29.044067796610168
224,60.54054054054054,44,199,6.264406779661017,28.332203389830507
225,60.81081081081081,44,201,6.264406779661017,28.61694915254237
226,61.08108108108108,44,206,6.264406779661017,29.328813559322032
227,61.35135135135135,44,208,6.264406779661017,29.6135593220339
228,61.62162162162162,44,212,6.264406779661017,30.18305084745763
229,61.89189189189189,44,214,6.264406779661017,30.467796610169493
230,62.16216216216216,44,216,6.264406779661017,30.752542372881358
231,62.43243243243243,44,217,6.264406779661017,30.89491525423729
232,62.7027027027027,44,218,6.264406779661017,31.037288135593222
233,62.97297297297297,45,218,6.406779661016949,31.037288135593222
234,63.24324324324324,48,218,6.8338983050847455,31.037288135593222
235,63.51351351351351,48,216,6.8338983050847455,30.752542372881358
236,63.78378378378378,48,214,6.8338983050847455,30.467796610169493
237,64.05405405405405,48,208,6.8338983050847455,29.6135593220339
238,64.32432432432432,48,205,6.8338983050847455,29.1864406779661
239,64.5945945945946,48,205,6.8338983050847455,29.1864406779661
240,64.86486486486486,48,208,6.8338983050847455,29.6135593220339
241,65.13513513513513,48,210,6.8338983050847455,29.898305084745765
242,65.4054054054054,48,213,6.8338983050847455,30.32542372881356
243,65.67567567567568,48,216,6.8338983050847455,30.752542372881358
244,65.94594594594594,48,218,6.8338983050847455,31.037288135593222
245,66.21621621621621,48,220,6.8338983050847455,31.322033898305087
246,66.48648648648648,48,221,6.8338983050847455,31.46440677966102
247,66.75675675675676,48,221,6.8338983050847455,31.46440677966102
248,67.02702702702702,48,221,6.8338983050847455,31.46440677966102
249,67.29729729729729,48,220,6.8338983050847455,31.322033898305087
250,67.56756756756756,52,222,7.403389830508475,31.60677966101695
251,67.83783783783784,51,218,7.261016949152542,31.037288135593222
252,68.1081081081081,49,208,6.976271186440678,29.6135593220339
253,68.37837837837837,48,208,6.8338983050847455,29.6135593220339
254,68.64864864864865,48,208,6.8338983050847455,29.6135593220339
255,68.91891891891892,48,212,6.8338983050847455,30.18305084745763
256,69.18918918918918,48,216,6.8338983050847455,30.752542372881358
257,69.45945945945945,48,220,6.8338983050847455,31.322033898305087
258,69.72972972972973,48,222,6.8338983050847455,31.60677966101695
259,70.0,48,224,6.8338983050847455,31.891525423728815
260,70.27027027027027,48,224,6.8338983050847455,31.891525423728815
261,70.54054054054053,48,224,6.8338983050847455,31.891525423728815
262,70.8108108108108,48,224,6.8338983050847455,31.891525423728815
263,71.08108108108108,50,224,7.11864406779661,31.891525423728815
264,71.35135135135135,51,222,7.261016949152542,31.60677966101695
265,71.62162162162161,50,218,7.11864406779661,31.037288135593222
266,71.89189189189189,49,212,6.976271186440678,30.18305084745763
267,72.16216216216216,49,208,6.976271186440678,29.6135593220339
268,72.43243243243244,49,209,6.976271186440678,29.755932203389833
269,72.7027027027027,48,216,6.8338983050847455,30.752542372881358
270,72.97297297297297,48,220,6.8338983050847455,31.322033898305087
271,73.24324324324324,48,224,6.8338983050847455,31.891525423728815
272,73.51351351351352,48,224,6.8338983050847455,31.891525423728815
273,73.78378378378378,48,224,6.8338983050847455,31.891525423728815
274,74.05405405405405,48,225,6.8338983050847455,32.03389830508475
275,74.32432432432432,49,228,6.976271186440678,32.461016949152544
276,74.5945945945946,50,228,7.11864406779661,32.461016949152544
277,74.86486486486486,51,228,7.261016949152542,32.461016949152544
278,75.13513513513513,52,226,7.403389830508475,32.17627118644068
279,75.4054054054054,52,224,7.403389830508475,31.891525423728815
280,75.67567567567568,51,218,7.261016949152542,31.037288135593222
281,75.94594594594594,51,216,7.261016949152542,30.752542372881358
282,76.21621621621621,50,217,7.11864406779661,30.89491525423729
283,76.48648648648648,50,220,7.11864406779661,31.322033898305087
284,76.75675675675676,49,224,6.976271186440678,31.891525423728815
285,77.02702702702702,48,224,6.8338983050847455,31.891525423728815
286,77.29729729729729,48,228,6.8338983050847455,32.461016949152544
287,77.56756756756756,48,230,6.8338983050847455,32.74576271186441
288,77.83783783783784,48,232,6.8338983050847455,33.03050847457627
289,78.1081081081081,49,232,6.976271186440678,33.03050847457627
290,78.37837837837837,50,232,7.11864406779661,33.03050847457627
291,78.64864864864865,52,232,7.403389830508475,33.03050847457627
292,78.91891891891892,54,231,7.6881355932203395,32.88813559322034
293,79.18918918918918,54,228,7.6881355932203395,32.461016949152544
294,79.45945945945945,53,223,7.545762711864407,31.749152542372883
295,79.72972972972973,52,216,7.403389830508475,30.752542372881358
296,80.0,52,217,7.403389830508475,30.89491525423729
297,80.27027027027026,52,223,7.403389830508475,31.749152542372883
298,80.54054054054053,52,224,7.403389830508475,31.891525423728815
299,80.8108108108108,51,228,7.261016949152542,32.461016949152544
300,81.08108108108108,51,232,7.261016949152542,33.03050847457627
301,81.35135135135135,51,234,7.261016949152542,33.31525423728814
302,81.62162162162161,51,235,7.261016949152542,33.45762711864407
303,81.89189189189189,52,236,7.403389830508475,33.6
304,82.16216216216216,53,236,7.545762711864407,33.6
305,82.43243243243244,55,236,7.830508474576272,33.6
306,82.7027027027027,58,235,8.257627118644068,33.45762711864407
307,82.97297297297297,58,233,8.257627118644068,33.172881355932205
308,83.24324324324324,57,224,8.115254237288136,31.891525423728815
309,83.51351351351352,57,220,8.115254237288136,31.322033898305087
310,83.78378378378378,56,220,7.972881355932204,31.322033898305087
311,84.05405405405405,56,224,7.972881355932204,31.891525423728815
312,84.32432432432432,56,228,7.972881355932204,32.461016949152544
313,84.5945945945946,55,232,7.830508474576272,33.03050847457627
314,84.86486486486486,54,235,7.6881355932203395,33.45762711864407
315,85.13513513513513,54,236,7.6881355932203395,33.6
316,85.4054054054054,54,238,7.6881355932203395,33.884745762711866
317,85.67567567567568,54,239,7.6881355932203395,34.0271186440678
318,85.94594594594594,55,239,7.830508474576272,34.0271186440678
319,86.21621621621621,56,239,7.972881355932204,34.0271186440678
320,86.48648648648648,62,238,8.827118644067797,33.884745762711866
321,86.75675675675676,62,236,8.827118644067797,33.6
322,87.02702702702702,62,232,8.827118644067797,33.03050847457627
323,87.29729729729729,60,224,8.542372881355933,31.891525423728815
324,87.56756756756756,60,224,8.542372881355933,31.891525423728815
325,87.83783783783784,59,224,8.4,31.891525423728815
326,88.1081081081081,59,229,8.4,32.603389830508476
327,88.37837837837837,59,236,8.4,33.6
328,88.64864864864865,59,238,8.4,33.884745762711866
329,88.91891891891892,59,240,8.4,34.16949152542373
330,89.18918918918918,59,240,8.4,34.16949152542373
331,89.45945945945945,60,240,8.542372881355933,34.16949152542373
332,89.72972972972973,60,240,8.542372881355933,34.16949152542373
333,90.0,60,240,8.542372881355933,34.16949152542373
334,90.27027027027026,63,240,8.969491525423729,34.16949152542373
335,90.54054054054053,64,240,9.111864406779661,34.16949152542373
336,90.8108108108108,64,237,9.111864406779661,33.742372881355934
337,91.08108108108108,63,230,8.969491525423729,32.74576271186441
338,91.35135135135134,63,224,8.969491525423729,31.891525423728815
339,91.62162162162161,60,224,8.542372881355933,31.891525423728815
340,91.89189189189189,60,232,8.542372881355933,33.03050847457627
341,92.16216216216216,59,236,8.4,33.6
342,92.43243243243242,59,240,8.4,34.16949152542373
343,92.7027027027027,59,240,8.4,34.16949152542373
344,92.97297297297297,59,244,8.4,34.73898305084746
345,93.24324324324324,60,245,8.542372881355933,34.88135593220339
346,93.51351351351352,61,246,8.684745762711865,35.02372881355932
347,93.78378378378378,64,246,9.111864406779661,35.02372881355932
348,94.05405405405405,64,245,9.111864406779661,34.88135593220339
349,94.32432432432432,66,244,9.396610169491526,34.73898305084746
350,94.5945945945946,64,241,9.111864406779661,34.31186440677966
351,94.86486486486486,64,234,9.111864406779661,33.31525423728814
352,95.13513513513513,64,228,9.111864406779661,32.461016949152544
353,95.4054054054054,64,228,9.111864406779661,32.461016949152544
354,95.67567567567568,64,234,9.111864406779661,33.31525423728814
355,95.94594594594594,64,239,9.111864406779661,34.0271186440678
356,96.21621621621621,64,241,9.111864406779661,34.31186440677966
357,96.48648648648648,64,244,9.111864406779661,34.73898305084746
358,96.75675675675676,64,248,9.111864406779661,35.30847457627119
359,97.02702702702702,64,250,9.111864406779661,35.59322033898305
360,97.29729729729729,64,250,9.111864406779661,35.59322033898305
361,97.56756756756756,64,250,9.111864406779661,35.59322033898305
362,97.83783783783784,66,250,9.396610169491526,35.59322033898305
363,98.1081081081081,68,249,9.68135593220339,35.45084745762712
364,98.37837837837837,64,244,9.111864406779661,34.73898305084746
365,98.64864864864865,64,238,9.111864406779661,33.884745762711866
366,98.91891891891892,64,232,9.111864406779661,33.03050847457627
367,99.18918918918918,64,231,9.111864406779661,32.88813559322034
368,99.45945945945945,64,236,9.111864406779661,33.6
369,99.72972972972973,64,240,9.111864406779661,34.16949152542373
370,100.0,64,245,9.111864406779661,34.88135593220339
371,100.27027027027026,64,247,9.111864406779661,35.166101694915255
372,100.54054054054053,64,250,9.111864406779661,35.59322033898305
373,100.8108108108108,64,251,9.111864406779661,35.735593220338984
374,101.08108108108108,64,252,9.111864406779661,35.877966101694916
375,101.35135135135134,65,252,9.254237288135593,35.877966101694916
376,101.62162162162161,66,251,9.396610169491526,35.735593220338984
377,101.89189189189189,68,249,9.68135593220339,35.45084745762712
378,102.16216216216216,68,247,9.68135593220339,35.166101694915255
379,102.43243243243242,67,240,9.538983050847458,34.16949152542373
380,102.7027027027027,66,236,9.396610169491526,33.6
381,102.97297297297297,65,235,9.254237288135593,33.45762711864407
382,103.24324324324324,64,237,9.111864406779661,33.742372881355934
383,103.5135135135135,64,240,9.111864406779661,34.16949152542373
384,103.78378378378378,64,245,9.111864406779661,34.88135593220339
385,104.05405405405405,64,249,9.111864406779661,35.45084745762712
386,104.32432432432432,64,252,9.111864406779661,35.877966101694916
387,104.5945945945946,65,254,9.254237288135593,36.16271186440678
388,104.86486486486486,65,256,9.254237288135593,36.447457627118645
389,105.13513513513513,66,256,9.396610169491526,36.447457627118645
390,105.4054054054054,67,255,9.538983050847458,36.30508474576271
391,105.67567567567568,68,254,9.68135593220339,36.16271186440678
392,105.94594594594594,68,251,9.68135593220339,35.735593220338984
393,106.21621621621621,67,247,9.538983050847458,35.166101694915255
394,106.48648648648648,66,239,9.396610169491526,34.0271186440678
395,106.75675675675676,66,237,9.396610169491526,33.742372881355934
396,107.02702702702702,66,239,9.396610169491526,34.0271186440678
397,107.29729729729729,66,244,9.396610169491526,34.73898305084746
398,107.56756756756756,66,250,9.396610169491526,35.59322033898305
399,107.83783783783784,66,253,9.396610169491526,36.02033898305085
400,108.1081081081081,66,256,9.396610169491526,36.447457627118645
401,108.37837837837837,66,256,9.396610169491526,36.447457627118645
402,108.64864864864865,67,256,9.538983050847458,36.447457627118645
403,108.91891891891892,67,256,9.538983050847458,36.447457627118645
404,109.18918918918918,68,256,9.68135593220339,36.447457627118645
405,109.45945945945945,69,256,9.823728813559322,36.447457627118645
406,109.72972972972973,69,254,9.823728813559322,36.16271186440678
407,110.0,69,251,9.823728813559322,35.735593220338984
408,110.27027027027026,68,241,9.68135593220339,34.31186440677966
409,110.54054054054053,68,240,9.68135593220339,34.16949152542373
410,110.8108108108108,67,240,9.538983050847458,34.16949152542373
411,111.08108108108108,67,246,9.538983050847458,35.02372881355932
412,111.35135135135134,67,252,9.538983050847458,35.877966101694916
413,111.62162162162161,66,256,9.396610169491526,36.447457627118645
414,111.89189189189189,66,256,9.396610169491526,36.447457627118645
415,112.16216216216216,66,260,9.396610169491526,37.016949152542374
416,112.43243243243242,67,261,9.538983050847458,37.159322033898306
417,112.7027027027027,67,261,9.538983050847458,37.159322033898306
418,112.97297297297297,68,261,9.68135593220339,37.159322033898306
419,113.24324324324324,69,256,9.823728813559322,36.447457627118645
420,113.5135135135135,71,256,10.108474576271187,36.447457627118645
421,113.78378378378378,70,252,9.966101694915254,35.877966101694916
422,114.05405405405405,70,248,9.966101694915254,35.30847457627119
423,114.32432432432432,69,240,9.823728813559322,34.16949152542373
424,114.59459459459458,68,240,9.68135593220339,34.16949152542373
425,114.86486486486486,68,244,9.68135593220339,34.73898305084746
426,115.13513513513513,68,252,9.68135593220339,35.877966101694916
427,115.4054054054054,67,256,9.538983050847458,36.447457627118645
428,115.67567567567568,67,260,9.538983050847458,37.016949152542374
429,115.94594594594594,67,262,9.538983050847458,37.30169491525424
430,116.21621621621621,67,263,9.538983050847458,37.44406779661017
431,116.48648648648648,67,264,9.538983050847458,37.5864406779661
432,116.75675675675676,68,264,9.68135593220339,37.5864406779661
433,117.02702702702702,70,263,9.966101694915254,37.44406779661017
434,117.29729729729729,71,261,10.108474576271187,37.159322033898306
435,117.56756756756756,71,256,10.108474576271187,36.447457627118645
436,117.83783783783784,70,252,9.966101694915254,35.877966101694916
437,118.1081081081081,69,246,9.823728813559322,35.02372881355932
438,118.37837837837837,69,246,9.823728813559322,35.02372881355932
439,118.64864864864865,69,248,9.823728813559322,35.30847457627119
440,118.91891891891892,69,255,9.823728813559322,36.30508474576271
441,119.18918918918918,68,256,9.68135593220339,36.447457627118645
442,119.45945945945945,68,260,9.68135593220339,37.016949152542374
443,119.72972972972973,68,264,9.68135593220339,37.5864406779661
444,120.0,69,266,9.823728813559322,37.87118644067797
445,120.27027027027026,69,267,9.823728813559322,38.0135593220339
446,120.54054054054053,70,266,9.966101694915254,37.87118644067797
447,120.8108108108108,71,265,10.108474576271187,37.728813559322035
448,121.08108108108108,73,263,10.39322033898305,37.44406779661017
449,121.35135135135134,73,261,10.39322033898305,37.159322033898306
450,121.62162162162161,73,256,10.39322033898305,36.447457627118645
451,121.89189189189189,72,249,10.250847457627119,35.45084745762712
452,122.16216216216216,72,249,10.250847457627119,35.45084745762712
453,122.43243243243242,71,250,10.108474576271187,35.59322033898305
454,122.7027027027027,71,256,10.108474576271187,36.447457627118645
455,122.97297297297297,71,260,10.108474576271187,37.016949152542374
456,123.24324324324324,71,264,10.108474576271187,37.5864406779661
457,123.5135135135135,71,268,10.108474576271187,38.15593220338983
458,123.78378378378378,71,270,10.108474576271187,38.440677966101696
459,124.05405405405405,72,271,10.250847457627119,38.58305084745763
460,124.32432432432432,72,271,10.250847457627119,38.58305084745763
461,124.59459459459458,74,270,10.535593220338983,38.440677966101696
462,124.86486486486486,75,269,10.677966101694915,38.29830508474576
463,125.13513513513513,76,267,10.820338983050847,38.0135593220339
464,125.4054054054054,75,256,10.677966101694915,36.447457627118645
465,125.67567567567566,75,249,10.677966101694915,35.45084745762712
466,125.94594594594594,75,248,10.677966101694915,35.30847457627119
467,126.21621621621621,74,252,10.535593220338983,35.877966101694916
468,126.48648648648648,74,256,10.535593220338983,36.447457627118645
469,126.75675675675674,72,263,10.250847457627119,37.44406779661017
470,127.02702702702702,72,267,10.250847457627119,38.0135593220339
471,127.29729729729729,72,270,10.250847457627119,38.440677966101696
472,127.56756756756756,72,272,10.250847457627119,38.72542372881356
473,127.83783783783784,73,272,10.39322033898305,38.72542372881356
474,128.1081081081081,73,272,10.39322033898305,38.72542372881356
475,128.3783783783784,73,272,10.39322033898305,38.72542372881356
476,128.64864864864865,79,270,11.247457627118644,38.440677966101696
477,128.9189189189189,80,267,11.389830508474576,38.0135593220339
478,129.1891891891892,80,263,11.389830508474576,37.44406779661017
479,129.45945945945945,79,254,11.247457627118644,36.16271186440678
480,129.7297297297297,79,254,11.247457627118644,36.16271186440678
481,130.0,76,254,10.820338983050847,36.16271186440678
482,130.27027027027026,76,256,10.820338983050847,36.447457627118645
483,130.54054054054055,76,264,10.820338983050847,37.5864406779661
484,130.8108108108108,76,269,10.820338983050847,38.29830508474576
485,131.08108108108107,76,272,10.820338983050847,38.72542372881356
486,131.35135135135135,76,272,10.820338983050847,38.72542372881356
487,131.6216216216216,76,272,10.820338983050847,38.72542372881356
488,131.89189189189187,76,272,10.820338983050847,38.72542372881356
489,132.16216216216216,76,272,10.820338983050847,38.72542372881356
490,132.43243243243242,80,271,11.389830508474576,38.58305084745763
491,132.7027027027027,80,269,11.389830508474576,38.29830508474576
492,132.97297297297297,80,266,11.389830508474576,37.87118644067797
493,133.24324324324323,80,256,11.389830508474576,36.447457627118645
494,133.51351351351352,80,256,11.389830508474576,36.447457627118645
495,133.78378378378378,80,256,11.389830508474576,36.447457627118645
496,134.05405405405403,80,256,11.389830508474576,36.447457627118645
497,134.32432432432432,76,264,10.820338983050847,37.5864406779661
498,134.59459459459458,76,269,10.820338983050847,38.29830508474576
499,134.86486486486487,76,272,10.820338983050847,38.72542372881356
500,135.13513513513513,78,272,11.105084745762712,38.72542372881356
501,135.4054054054054,76,276,10.820338983050847,39.29491525423729
502,135.67567567567568,77,276,10.96271186440678,39.29491525423729
503,135.94594594594594,80,276,11.389830508474576,39.29491525423729
504,136.2162162162162,80,275,11.389830508474576,39.152542372881356
505,136.48648648648648,80,272,11.389830508474576,38.72542372881356
506,136.75675675675674,80,268,11.389830508474576,38.15593220338983
507,137.02702702702703,80,261,11.389830508474576,37.159322033898306
508,137.2972972972973,80,260,11.389830508474576,37.016949152542374
509,137.56756756756755,80,260,11.389830508474576,37.016949152542374
510,137.83783783783784,80,261,11.389830508474576,37.159322033898306
511,138.1081081081081,80,264,11.389830508474576,37.5864406779661
512,138.37837837837836,79,272,11.247457627118644,38.72542372881356
513,138.64864864864865,79,272,11.247457627118644,38.72542372881356
514,138.9189189189189,80,276,11.389830508474576,39.29491525423729
515,139.1891891891892,80,277,11.389830508474576,39.43728813559322
516,139.45945945945945,80,278,11.389830508474576,39.57966101694915
517,139.7297297297297,80,278,11.389830508474576,39.57966101694915
518,140.0,80,277,11.389830508474576,39.43728813559322
519,140.27027027027026,82,272,11.67457627118644,38.72542372881356
520,140.54054054054055,82,271,11.67457627118644,38.58305084745763
521,140.8108108108108,80,265,11.389830508474576,37.728813559322035
522,141.08108108108107,80,261,11.389830508474576,37.159322033898306
523,141.35135135135135,80,261,11.389830508474576,37.159322033898306
524,141.6216216216216,80,262,11.389830508474576,37.30169491525424
525,141.89189189189187,80,266,11.389830508474576,37.87118644067797
526,142.16216216216216,80,272,11.389830508474576,38.72542372881356
527,142.43243243243242,79,275,11.247457627118644,39.152542372881356
528,142.7027027027027,80,277,11.389830508474576,39.43728813559322
529,142.97297297297297,80,280,11.389830508474576,39.86440677966102
530,143.24324324324323,80,280,11.389830508474576,39.86440677966102
531,143.51351351351352,80,280,11.389830508474576,39.86440677966102
532,143.78378378378378,80,279,11.389830508474576,39.722033898305085
533,144.05405405405403,81,277,11.532203389830508,39.43728813559322
534,144.32432432432432,80,272,11.389830508474576,38.72542372881356
535,144.59459459459458,80,268,11.389830508474576,38.15593220338983
536,144.86486486486487,80,264,11.389830508474576,37.5864406779661
537,145.13513513513513,80,264,11.389830508474576,37.5864406779661
538,145.4054054054054,80,265,11.389830508474576,37.728813559322035
539,145.67567567567568,80,266,11.389830508474576,37.87118644067797
540,145.94594594594594,80,272,11.389830508474576,38.72542372881356
541,146.2162162162162,80,276,11.389830508474576,39.29491525423729
542,146.48648648648648,80,280,11.389830508474576,39.86440677966102
543,146.75675675675674,80,281,11.389830508474576,40.00677966101695
544,147.02702702702703,80,283,11.389830508474576,40.291525423728814
545,147.2972972972973,80,284,11.389830508474576,40.433898305084746
546,147.56756756756755,81,283,11.532203389830508,40.291525423728814
547,147.83783783783784,83,281,11.816949152542373,40.00677966101695
548,148.1081081081081,83,279,11.816949152542373,39.722033898305085
549,148.37837837837836,81,272,11.532203389830508,38.72542372881356
550,148.64864864864865,81,268,11.532203389830508,38.15593220338983
551,148.9189189189189,80,268,11.389830508474576,38.15593220338983
552,149.1891891891892,80,267,11.389830508474576,38.0135593220339
553,149.45945945945945,80,268,11.389830508474576,38.15593220338983
554,149.7297297297297,80,272,11.389830508474576,38.72542372881356
555,150.0,80,280,11.389830508474576,39.86440677966102
556,150.27027027027026,80,283,11.389830508474576,40.291525423728814
557,150.54054054054055,80,285,11.389830508474576,40.57627118644068
558,150.8108108108108,80,286,11.389830508474576,40.71864406779661
559,151.08108108108107,80,286,11.389830508474576,40.71864406779661
560,151.35135135135135,82,286,11.67457627118644,40.71864406779661
561,151.6216216216216,84,285,11.959322033898305,40.57627118644068
562,151.89189189189187,84,283,11.959322033898305,40.291525423728814
563,152.16216216216216,83,276,11.816949152542373,39.29491525423729
564,152.43243243243242,82,272,11.67457627118644,38.72542372881356
565,152.7027027027027,82,272,11.67457627118644,38.72542372881356
566,152.97297297297297,81,272,11.532203389830508,38.72542372881356
567,153.24324324324323,81,272,11.532203389830508,38.72542372881356
568,153.51351351351352,80,276,11.389830508474576,39.29491525423729
569,153.78378378378378,80,281,11.389830508474576,40.00677966101695
570,154.05405405405403,80,284,11.389830508474576,40.433898305084746
571,154.32432432432432,80,286,11.389830508474576,40.71864406779661
572,154.59459459459458,80,288,11.389830508474576,41.003389830508475
573,154.86486486486487,81,288,11.532203389830508,41.003389830508475
574,155.13513513513513,82,287,11.67457627118644,40.86101694915254
575,155.4054054054054,84,285,11.959322033898305,40.57627118644068
576,155.67567567567568,84,282,11.959322033898305,40.14915254237288
577,155.94594594594594,83,276,11.816949152542373,39.29491525423729
578,156.2162162162162,82,272,11.67457627118644,38.72542372881356
579,156.48648648648648,82,272,11.67457627118644,38.72542372881356
580,156.75675675675674,81,272,11.532203389830508,38.72542372881356
581,157.02702702702703,81,272,11.532203389830508,38.72542372881356
582,157.2972972972973,81,276,11.532203389830508,39.29491525423729
583,157.56756756756755,81,282,11.532203389830508,40.14915254237288
584,157.83783783783784,81,286,11.532203389830508,40.71864406779661
585,158.1081081081081,81,288,11.532203389830508,41.003389830508475
586,158.37837837837836,81,288,11.532203389830508,41.003389830508475
587,158.64864864864865,82,288,11.67457627118644,41.003389830508475
588,158.9189189189189,83,288,11.816949152542373,41.003389830508475
589,159.1891891891892,86,287,12.24406779661017,40.86101694915254
590,159.45945945945945,84,284,11.959322033898305,40.433898305084746
591,159.7297297297297,83,280,11.816949152542373,39.86440677966102
592,160.0,82,276,11.67457627118644,39.29491525423729
593,160.27027027027026,82,275,11.67457627118644,39.152542372881356
594,160.54054054054052,82,276,11.67457627118644,39.29491525423729
595,160.8108108108108,82,276,11.67457627118644,39.29491525423729
596,161.08108108108107,82,278,11.67457627118644,39.57966101694915
597,161.35135135135135,82,284,11.67457627118644,40.433898305084746
598,161.6216216216216,82,288,11.67457627118644,41.003389830508475
599,161.89189189189187,82,292,11.67457627118644,41.5728813559322
600,162.16216216216216,83,293,11.816949152542373,41.715254237288136
601,162.43243243243242,84,293,11.959322033898305,41.715254237288136
602,162.7027027027027,85,293,12.101694915254237,41.715254237288136
603,162.97297297297297,86,288,12.24406779661017,41.003389830508475
604,163.24324324324323,87,287,12.386440677966101,40.86101694915254
605,163.51351351351352,86,280,12.24406779661017,39.86440677966102
606,163.78378378378378,85,278,12.101694915254237,39.57966101694915
607,164.05405405405403,84,278,11.959322033898305,39.57966101694915
608,164.32432432432432,84,278,11.959322033898305,39.57966101694915
609,164.59459459459458,83,278,11.816949152542373,39.57966101694915
610,164.86486486486487,83,280,11.816949152542373,39.86440677966102
611,165.13513513513513,82,287,11.67457627118644,40.86101694915254
612,165.4054054054054,82,288,11.67457627118644,41.003389830508475
613,165.67567567567568,82,292,11.67457627118644,41.5728813559322
614,165.94594594594594,82,293,11.67457627118644,41.715254237288136
615,166.2162162162162,83,294,11.816949152542373,41.85762711864407
616,166.48648648648648,84,293,11.959322033898305,41.715254237288136
617,166.75675675675674,85,292,12.101694915254237,41.5728813559322
618,167.02702702702703,86,288,12.24406779661017,41.003389830508475
619,167.2972972972973,85,284,12.101694915254237,40.433898305084746
620,167.56756756756755,84,280,11.959322033898305,39.86440677966102
621,167.83783783783784,83,279,11.816949152542373,39.722033898305085
622,168.1081081081081,83,279,11.816949152542373,39.722033898305085
623,168.37837837837836,83,280,11.816949152542373,39.86440677966102
624,168.64864864864865,83,282,11.816949152542373,40.14915254237288
625,168.9189189189189,82,288,11.67457627118644,41.003389830508475
626,169.1891891891892,82,293,11.67457627118644,41.715254237288136
627,169.45945945945945,82,296,11.67457627118644,42.14237288135593
628,169.7297297297297,83,298,11.816949152542373,42.4271186440678
629,170.0,83,298,11.816949152542373,42.4271186440678
630,170.27027027027026,84,297,11.959322033898305,42.284745762711864
631,170.54054054054052,86,295,12.24406779661017,42.0
632,170.8108108108108,88,293,12.528813559322034,41.715254237288136
633,171.08108108108107,86,288,12.24406779661017,41.003389830508475
634,171.35135135135135,85,284,12.101694915254237,40.433898305084746
635,171.6216216216216,84,284,11.959322033898305,40.433898305084746
636,171.89189189189187,84,284,11.959322033898305,40.433898305084746
637,172.16216216216216,84,284,11.959322033898305,40.433898305084746
638,172.43243243243242,83,285,11.816949152542373,40.57627118644068
639,172.70270270270268,83,288,11.816949152542373,41.003389830508475
640,172.97297297297297,83,293,11.816949152542373,41.715254237288136
641,173.24324324324323,83,296,11.816949152542373,42.14237288135593
642,173.51351351351352,84,297,11.959322033898305,42.284745762711864
643,173.78378378378378,85,298,12.101694915254237,42.4271186440678
644,174.05405405405403,86,297,12.24406779661017,42.284745762711864
645,174.32432432432432,88,296,12.528813559322034,42.14237288135593
646,174.59459459459458,89,293,12.671186440677966,41.715254237288136
647,174.86486486486487,88,288,12.528813559322034,41.003389830508475
648,175.13513513513513,87,288,12.386440677966101,41.003389830508475
649,175.4054054054054,87,288,12.386440677966101,41.003389830508475
650,175.67567567567568,86,288,12.24406779661017,41.003389830508475
651,175.94594594594594,86,288,12.24406779661017,41.003389830508475
652,176.2162162162162,85,288,12.101694915254237,41.003389830508475
653,176.48648648648648,85,288,12.101694915254237,41.003389830508475
654,176.75675675675674,85,296,12.101694915254237,42.14237288135593
655,177.02702702702703,85,300,12.101694915254237,42.71186440677966
656,177.2972972972973,85,301,12.101694915254237,42.85423728813559
657,177.56756756756755,86,301,12.24406779661017,42.85423728813559
658,177.83783783783784,87,301,12.386440677966101,42.85423728813559
659,178.1081081081081,90,300,12.813559322033898,42.71186440677966
660,178.37837837837836,91,298,12.95593220338983,42.4271186440678
661,178.64864864864865,88,292,12.528813559322034,41.5728813559322
662,178.9189189189189,87,288,12.386440677966101,41.003389830508475
663,179.1891891891892,87,288,12.386440677966101,41.003389830508475
664,179.45945945945945,86,288,12.24406779661017,41.003389830508475
665,179.7297297297297,86,288,12.24406779661017,41.003389830508475
666,180.0,85,288,12.101694915254237,41.003389830508475
667,180.27027027027026,85,292,12.101694915254237,41.5728813559322
668,180.54054054054052,84,297,11.959322033898305,42.284745762711864
669,180.8108108108108,84,304,11.959322033898305,43.28135593220339
670,181.08108108108107,84,303,11.959322033898305,43.13898305084746
671,181.35135135135135,85,304,12.101694915254237,43.28135593220339
672,181.6216216216216,87,304,12.386440677966101,43.28135593220339
673,181.89189189189187,89,302,12.671186440677966,42.996610169491525
674,182.16216216216216,92,300,13.098305084745762,42.71186440677966
675,182.43243243243242,91,293,12.95593220338983,41.715254237288136
676,182.70270270270268,90,288,12.813559322033898,41.003389830508475
677,182.97297297297297,89,288,12.671186440677966,41.003389830508475
678,183.24324324324323,88,288,12.528813559322034,41.003389830508475
679,183.51351351351352,88,288,12.528813559322034,41.003389830508475
680,183.78378378378378,88,288,12.528813559322034,41.003389830508475
681,184.05405405405403,87,292,12.386440677966101,41.5728813559322
682,184.32432432432432,87,300,12.386440677966101,42.71186440677966
683,184.59459459459458,87,303,12.386440677966101,43.13898305084746
684,184.86486486486484,88,304,12.528813559322034,43.28135593220339
685,185.13513513513513,89,304,12.671186440677966,43.28135593220339
686,185.4054054054054,90,304,12.813559322033898,43.28135593220339
687,185.67567567567568,91,304,12.95593220338983,43.28135593220339
688,185.94594594594594,92,301,13.098305084745762,42.85423728813559
689,186.2162162162162,92,295,13.098305084745762,42.0
690,186.48648648648648,91,288,12.95593220338983,41.003389830508475
691,186.75675675675674,91,288,12.95593220338983,41.003389830508475
692,187.02702702702703,91,288,12.95593220338983,41.003389830508475
693,187.2972972972973,91,288,12.95593220338983,41.003389830508475
694,187.56756756756755,90,288,12.813559322033898,41.003389830508475
695,187.83783783783784,90,296,12.813559322033898,42.14237288135593
696,188.1081081081081,90,301,12.813559322033898,42.85423728813559
697,188.37837837837836,90,304,12.813559322033898,43.28135593220339
698,188.64864864864865,90,304,12.813559322033898,43.28135593220339
699,188.9189189189189,91,307,12.95593220338983,43.708474576271186
700,189.1891891891892,92,306,13.098305084745762,43.566101694915254
701,189.45945945945945,92,304,13.098305084745762,43.28135593220339
702,189.7297297297297,96,304,13.667796610169491,43.28135593220339
703,190.0,96,299,13.667796610169491,42.56949152542373
704,190.27027027027026,92,288,13.098305084745762,41.003389830508475
705,190.54054054054052,91,288,12.95593220338983,41.003389830508475
706,190.8108108108108,91,288,12.95593220338983,41.003389830508475
707,191.08108108108107,91,288,12.95593220338983,41.003389830508475
708,191.35135135135135,90,288,12.813559322033898,41.003389830508475
709,191.6216216216216,90,296,12.813559322033898,42.14237288135593
710,191.89189189189187,90,304,12.813559322033898,43.28135593220339
711,192.16216216216216,90,304,12.813559322033898,43.28135593220339
712,192.43243243243242,90,307,12.813559322033898,43.708474576271186
713,192.70270270270268,91,308,12.95593220338983,43.85084745762712
714,192.97297297297297,92,308,13.098305084745762,43.85084745762712
715,193.24324324324323,93,307,13.240677966101694,43.708474576271186
716,193.51351351351352,96,304,13.667796610169491,43.28135593220339
717,193.78378378378378,95,300,13.525423728813559,42.71186440677966
718,194.05405405405403,93,288,13.240677966101694,41.003389830508475
719,194.32432432432432,92,288,13.098305084745762,41.003389830508475
720,194.59459459459458,91,288,12.95593220338983,41.003389830508475
721,194.86486486486484,91,288,12.95593220338983,41.003389830508475
722,195.13513513513513,91,288,12.95593220338983,41.003389830508475
723,195.4054054054054,91,296,12.95593220338983,42.14237288135593
724,195.67567567567568,89,304,12.671186440677966,43.28135593220339
725,195.94594594594594,88,307,12.528813559322034,43.708474576271186
726,196.2162162162162,89,309,12.671186440677966,43.99322033898305
727,196.48648648648648,90,311,12.813559322033898,44.277966101694915
728,196.75675675675674,91,310,12.95593220338983,44.13559322033898
729,197.02702702702703,96,309,13.667796610169491,43.99322033898305
730,197.2972972972973,96,308,13.667796610169491,43.85084745762712
731,197.56756756756755,96,303,13.667796610169491,43.13898305084746
732,197.83783783783784,96,295,13.667796610169491,42.0
733,198.1081081081081,92,295,13.098305084745762,42.0
734,198.37837837837836,92,295,13.098305084745762,42.0
735,198.64864864864865,92,295,13.098305084745762,42.0
736,198.9189189189189,92,296,13.098305084745762,42.14237288135593
737,199.1891891891892,92,304,13.098305084745762,43.28135593220339
738,199.45945945945945,92,308,13.098305084745762,43.85084745762712
739,199.7297297297297,92,312,13.098305084745762,44.42033898305085
740,200.0,92,314,13.098305084745762,44.70508474576271
741,200.27027027027026,93,314,13.240677966101694,44.70508474576271
742,200.54054054054052,92,314,13.098305084745762,44.70508474576271
743,200.8108108108108,97,312,13.810169491525423,44.42033898305085
744,201.08108108108107,96,309,13.667796610169491,43.99322033898305
745,201.35135135135135,96,304,13.667796610169491,43.28135593220339
746,201.6216216216216,96,297,13.667796610169491,42.284745762711864
747,201.89189189189187,96,296,13.667796610169491,42.14237288135593
748,202.16216216216216,96,296,13.667796610169491,42.14237288135593
749,202.43243243243242,96,296,13.667796610169491,42.14237288135593
750,202.70270270270268,96,304,13.667796610169491,43.28135593220339
751,202.97297297297297,96,304,13.667796610169491,43.28135593220339
752,203.24324324324323,96,312,13.667796610169491,44.42033898305085
753,203.51351351351352,92,316,13.098305084745762,44.989830508474576
754,203.78378378378378,96,318,13.667796610169491,45.27457627118644
755,204.05405405405403,96,318,13.667796610169491,45.27457627118644
756,204.32432432432432,96,318,13.667796610169491,45.27457627118644
757,204.59459459459458,96,316,13.667796610169491,44.989830508474576
758,204.86486486486484,98,314,13.952542372881355,44.70508474576271
759,205.13513513513513,97,310,13.810169491525423,44.13559322033898
760,205.4054054054054,96,303,13.667796610169491,43.13898305084746
761,205.67567567567568,96,302,13.667796610169491,42.996610169491525
762,205.94594594594594,96,302,13.667796610169491,42.996610169491525
763,206.2162162162162,96,302,13.667796610169491,42.996610169491525
764,206.48648648648648,96,302,13.667796610169491,42.996610169491525
765,206.75675675675674,96,304,13.667796610169491,43.28135593220339
766,207.027027027027,96,312,13.667796610169491,44.42033898305085
767,207.2972972972973,96,316,13.667796610169491,44.989830508474576
768,207.56756756756755,96,319,13.667796610169491,45.41694915254237
769,207.83783783783784,96,319,13.667796610169491,45.41694915254237
770,208.1081081081081,96,318,13.667796610169491,45.27457627118644
771,208.37837837837836,97,317,13.810169491525423,45.13220338983051
772,208.64864864864865,98,313,13.952542372881355,44.56271186440678
773,208.9189189189189,98,304,13.952542372881355,43.28135593220339
774,209.1891891891892,96,304,13.667796610169491,43.28135593220339
775,209.45945945945945,96,304,13.667796610169491,43.28135593220339
776,209.7297297297297,96,304,13.667796610169491,43.28135593220339
777,210.0,96,304,13.667796610169491,43.28135593220339
778,210.27027027027026,96,303,13.667796610169491,43.13898305084746
779,210.54054054054052,96,303,13.667796610169491,43.13898305084746
780,210.8108108108108,96,312,13.667796610169491,44.42033898305085
781,211.08108108108107,96,316,13.667796610169491,44.989830508474576
782,211.35135135135135,96,318,13.667796610169491,45.27457627118644
783,211.6216216216216,96,320,13.667796610169491,45.559322033898304
784,211.89189189189187,96,320,13.667796610169491,45.559322033898304
785,212.16216216216216,97,317,13.810169491525423,45.13220338983051
786,212.43243243243242,100,315,14.23728813559322,44.847457627118644
787,212.70270270270268,99,304,14.094915254237288,43.28135593220339
788,212.97297297297297,96,304,13.667796610169491,43.28135593220339
789,213.24324324324323,96,303,13.667796610169491,43.13898305084746
790,213.51351351351352,96,303,13.667796610169491,43.13898305084746
791,213.78378378378378,96,303,13.667796610169491,43.13898305084746
792,214.05405405405403,96,304,13.667796610169491,43.28135593220339
793,214.32432432432432,96,304,13.667796610169491,43.28135593220339
794,214.59459459459458,96,314,13.667796610169491,44.70508474576271
795,214.86486486486484,96,317,13.667796610169491,45.13220338983051
796,215.13513513513513,96,320,13.667796610169491,45.559322033898304
797,215.4054054054054,96,320,13.667796610169491,45.559322033898304
798,215.67567567567568,96,320,13.667796610169491,45.559322033898304
799,215.94594594594594,97,319,13.810169491525423,45.41694915254237
800,216.2162162162162,98,316,13.952542372881355,44.989830508474576
801,216.48648648648648,98,308,13.952542372881355,43.85084745762712
802,216.75675675675674,97,304,13.810169491525423,43.28135593220339
803,217.027027027027,96,304,13.667796610169491,43.28135593220339
804,217.2972972972973,96,304,13.667796610169491,43.28135593220339
805,217.56756756756755,96,304,13.667796610169491,43.28135593220339
806,217.83783783783784,96,304,13.667796610169491,43.28135593220339
807,218.1081081081081,96,308,13.667796610169491,43.85084745762712
808,218.37837837837836,96,316,13.667796610169491,44.989830508474576
809,218.64864864864865,96,320,13.667796610169491,45.559322033898304
810,218.9189189189189,96,320,13.667796610169491,45.559322033898304
811,219.18918918918916,96,324,13.667796610169491,46.12881355932203
812,219.45945945945945,97,324,13.810169491525423,46.12881355932203
813,219.7297297297297,98,320,13.952542372881355,45.559322033898304
814,220.0,100,317,14.23728813559322,45.13220338983051
815,220.27027027027026,99,312,14.094915254237288,44.42033898305085
816,220.54054054054052,98,312,13.952542372881355,44.42033898305085
817,220.8108108108108,97,312,13.810169491525423,44.42033898305085
818,221.08108108108107,96,312,13.667796610169491,44.42033898305085
819,221.35135135135135,96,312,13.667796610169491,44.42033898305085
820,221.6216216216216,96,313,13.667796610169491,44.56271186440678
821,221.89189189189187,96,314,13.667796610169491,44.70508474576271
822,222.16216216216216,96,319,13.667796610169491,45.41694915254237
823,222.43243243243242,96,320,13.667796610169491,45.559322033898304
824,222.70270270270268,96,324,13.667796610169491,46.12881355932203
825,222.97297297297297,96,325,13.667796610169491,46.271186440677965
826,223.24324324324323,97,325,13.810169491525423,46.271186440677965
827,223.51351351351352,99,320,14.094915254237288,45.559322033898304
828,223.78378378378378,101,320,14.379661016949152,45.559322033898304
829,224.05405405405403,100,315,14.23728813559322,44.847457627118644
830,224.32432432432432,98,315,13.952542372881355,44.847457627118644
831,224.59459459459458,97,314,13.810169491525423,44.70508474576271
832,224.86486486486484,96,314,13.667796610169491,44.70508474576271
833,225.13513513513513,96,314,13.667796610169491,44.70508474576271
834,225.4054054054054,96,315,13.667796610169491,44.847457627118644
835,225.67567567567568,96,315,13.667796610169491,44.847457627118644
836,225.94594594594594,96,320,13.667796610169491,45.559322033898304
837,226.2162162162162,96,320,13.667796610169491,45.559322033898304
838,226.48648648648648,96,324,13.667796610169491,46.12881355932203
839,226.75675675675674,96,325,13.667796610169491,46.271186440677965
840,227.027027027027,97,325,13.810169491525423,46.271186440677965
841,227.2972972972973,99,324,14.094915254237288,46.12881355932203
842,227.56756756756755,100,320,14.23728813559322,45.559322033898304
843,227.83783783783784,99,319,14.094915254237288,45.41694915254237
844,228.1081081081081,98,318,13.952542372881355,45.27457627118644
845,228.37837837837836,97,317,13.810169491525423,45.13220338983051
846,228.64864864864865,96,317,13.667796610169491,45.13220338983051
847,228.9189189189189,96,318,13.667796610169491,45.27457627118644
848,229.18918918918916,96,317,13.667796610169491,45.13220338983051
849,229.45945945945945,96,318,13.667796610169491,45.27457627118644
850,229.7297297297297,96,320,13.667796610169491,45.559322033898304
851,230.0,96,324,13.667796610169491,46.12881355932203
852,230.27027027027026,96,328,13.667796610169491,46.69830508474576
853,230.54054054054052,97,329,13.810169491525423,46.840677966101694
854,230.8108108108108,97,329,13.810169491525423,46.840677966101694
855,231.08108108108107,99,328,14.094915254237288,46.69830508474576
856,231.35135135135135,100,325,14.23728813559322,46.271186440677965
857,231.6216216216216,100,320,14.23728813559322,45.559322033898304
858,231.89189189189187,99,320,14.094915254237288,45.559322033898304
859,232.16216216216216,98,319,13.952542372881355,45.41694915254237
860,232.43243243243242,97,319,13.810169491525423,45.41694915254237
861,232.70270270270268,96,319,13.667796610169491,45.41694915254237
862,232.97297297297297,96,319,13.667796610169491,45.41694915254237
863,233.24324324324323,96,320,13.667796610169491,45.559322033898304
864,233.51351351351352,96,320,13.667796610169491,45.559322033898304
865,233.78378378378378,96,330,13.667796610169491,46.983050847457626
866,234.05405405405403,96,332,13.667796610169491,47.26779661016949
867,234.32432432432432,96,332,13.667796610169491,47.26779661016949
868,234.59459459459458,97,332,13.810169491525423,47.26779661016949
869,234.86486486486484,99,330,14.094915254237288,46.983050847457626
870,235.13513513513513,101,327,14.379661016949152,46.55593220338983
871,235.4054054054054,101,323,14.379661016949152,45.9864406779661
872,235.67567567567568,100,320,14.23728813559322,45.559322033898304
873,235.94594594594594,99,320,14.094915254237288,45.559322033898304
874,236.2162162162162,98,320,13.952542372881355,45.559322033898304
875,236.48648648648648,98,320,13.952542372881355,45.559322033898304
876,236.75675675675674,98,320,13.952542372881355,45.559322033898304
877,237.027027027027,98,319,13.952542372881355,45.41694915254237
878,237.2972972972973,98,320,13.952542372881355,45.559322033898304
879,237.56756756756755,98,328,13.952542372881355,46.69830508474576
880,237.83783783783784,98,330,13.952542372881355,46.983050847457626
881,238.1081081081081,98,332,13.952542372881355,47.26779661016949
882,238.37837837837836,99,332,14.094915254237288,47.26779661016949
883,238.64864864864865,101,330,14.379661016949152,46.983050847457626
884,238.9189189189189,102,325,14.522033898305084,46.271186440677965
885,239.18918918918916,101,320,14.379661016949152,45.559322033898304
886,239.45945945945945,100,319,14.23728813559322,45.41694915254237
887,239.7297297297297,99,319,14.094915254237288,45.41694915254237
888,240.0,98,319,13.952542372881355,45.41694915254237
889,240.27027027027026,98,319,13.952542372881355,45.41694915254237
890,240.54054054054052,97,319,13.810169491525423,45.41694915254237
891,240.8108108108108,97,316,13.810169491525423,44.989830508474576
892,241.08108108108107,97,320,13.810169491525423,45.559322033898304
893,241.35135135135133,97,329,13.810169491525423,46.840677966101694
894,241.6216216216216,97,332,13.810169491525423,47.26779661016949
895,241.89189189189187,98,333,13.952542372881355,47.41016949152542
896,242.16216216216216,99,333,14.094915254237288,47.41016949152542
897,242.43243243243242,101,332,14.379661016949152,47.26779661016949
898,242.70270270270268,103,325,14.664406779661016,46.271186440677965
899,242.97297297297297,102,320,14.522033898305084,45.559322033898304
900,243.24324324324323,101,320,14.379661016949152,45.559322033898304
901,243.51351351351352,100,320,14.23728813559322,45.559322033898304
902,243.78378378378378,100,320,14.23728813559322,45.559322033898304
903,244.05405405405403,99,320,14.094915254237288,45.559322033898304
904,244.32432432432432,99,320,14.094915254237288,45.559322033898304
905,244.59459459459458,99,320,14.094915254237288,45.559322033898304
906,244.86486486486484,98,324,13.952542372881355,46.12881355932203
907,245.13513513513513,98,330,13.952542372881355,46.983050847457626
908,245.4054054054054,98,336,13.952542372881355,47.83728813559322
909,245.67567567567568,99,336,14.094915254237288,47.83728813559322
910,245.94594594594594,100,336,14.23728813559322,47.83728813559322
911,246.2162162162162,102,336,14.522033898305084,47.83728813559322
912,246.48648648648648,103,333,14.664406779661016,47.41016949152542
913,246.75675675675674,102,320,14.522033898305084,45.559322033898304
914,247.027027027027,101,320,14.379661016949152,45.559322033898304
915,247.2972972972973,100,320,14.23728813559322,45.559322033898304
916,247.56756756756755,99,320,14.094915254237288,45.559322033898304
917,247.83783783783784,99,320,14.094915254237288,45.559322033898304
918,248.1081081081081,99,320,14.094915254237288,45.559322033898304
919,248.37837837837836,99,320,14.094915254237288,45.559322033898304
920,248.64864864864865,99,324,14.094915254237288,46.12881355932203
921,248.9189189189189,99,332,14.094915254237288,47.26779661016949
922,249.18918918918916,100,336,14.23728813559322,47.83728813559322
923,249.45945945945945,101,336,14.379661016949152,47.83728813559322
924,249.7297297297297,102,336,14.522033898305084,47.83728813559322
925,250.0,104,335,14.80677966101695,47.69491525423729
926,250.27027027027026,105,336,14.949152542372882,47.83728813559322
927,250.54054054054052,104,327,14.80677966101695,46.55593220338983
928,250.8108108108108,104,327,14.80677966101695,46.55593220338983
929,251.08108108108107,103,327,14.664406779661016,46.55593220338983
930,251.35135135135133,102,327,14.522033898305084,46.55593220338983
931,251.6216216216216,102,327,14.522033898305084,46.55593220338983
932,251.89189189189187,101,327,14.379661016949152,46.55593220338983
933,252.16216216216216,101,328,14.379661016949152,46.69830508474576
934,252.43243243243242,101,329,14.379661016949152,46.840677966101694
935,252.70270270270268,101,335,14.379661016949152,47.69491525423729
936,252.97297297297297,102,336,14.522033898305084,47.83728813559322
937,253.24324324324323,103,336,14.664406779661016,47.83728813559322
938,253.5135135135135,104,336,14.80677966101695,47.83728813559322
939,253.78378378378378,104,336,14.80677966101695,47.83728813559322
940,254.05405405405403,104,332,14.80677966101695,47.26779661016949
941,254.32432432432432,104,330,14.80677966101695,46.983050847457626
942,254.59459459459458,103,330,14.664406779661016,46.983050847457626
943,254.86486486486484,103,330,14.664406779661016,46.983050847457626
944,255.13513513513513,103,330,14.664406779661016,46.983050847457626
945,255.4054054054054,102,330,14.522033898305084,46.983050847457626
946,255.67567567567568,102,330,14.522033898305084,46.983050847457626
947,255.94594594594594,102,330,14.522033898305084,46.983050847457626
948,256.2162162162162,101,331,14.379661016949152,47.12542372881356
949,256.48648648648646,101,336,14.379661016949152,47.83728813559322
950,256.7567567567568,102,336,14.522033898305084,47.83728813559322
951,257.02702702702703,102,339,14.522033898305084,48.264406779661016
952,257.2972972972973,103,340,14.664406779661016,48.40677966101695
953,257.56756756756755,105,339,14.949152542372882,48.264406779661016
954,257.8378378378378,106,336,15.091525423728815,47.83728813559322
955,258.10810810810807,106,336,15.091525423728815,47.83728813559322
956,258.3783783783784,105,335,14.949152542372882,47.69491525423729
957,258.64864864864865,104,335,14.80677966101695,47.69491525423729
958,258.9189189189189,104,334,14.80677966101695,47.552542372881355
959,259.18918918918916,103,334,14.664406779661016,47.552542372881355
960,259.4594594594594,103,334,14.664406779661016,47.552542372881355
961,259.72972972972974,103,334,14.664406779661016,47.552542372881355
962,260.0,103,336,14.664406779661016,47.83728813559322
963,260.27027027027026,103,336,14.664406779661016,47.83728813559322
964,260.5405405405405,104,340,14.80677966101695,48.40677966101695
965,260.8108108108108,104,341,14.80677966101695,48.54915254237288
966,261.0810810810811,104,341,14.80677966101695,48.54915254237288
967,261.35135135135135,106,340,15.091525423728815,48.40677966101695
968,261.6216216216216,108,336,15.376271186440679,47.83728813559322
969,261.8918918918919,107,335,15.233898305084747,47.69491525423729
970,262.16216216216213,104,335,14.80677966101695,47.69491525423729
971,262.4324324324324,103,335,14.664406779661016,47.69491525423729
972,262.7027027027027,103,335,14.664406779661016,47.69491525423729
973,262.97297297297297,102,335,14.522033898305084,47.69491525423729
974,263.2432432432432,102,335,14.522033898305084,47.69491525423729
975,263.5135135135135,102,335,14.522033898305084,47.69491525423729
976,263.78378378378375,102,335,14.522033898305084,47.69491525423729
977,264.05405405405406,102,336,14.522033898305084,47.83728813559322
978,264.3243243243243,102,341,14.522033898305084,48.54915254237288
979,264.5945945945946,102,342,14.522033898305084,48.69152542372881
980,264.86486486486484,103,342,14.664406779661016,48.69152542372881
981,265.1351351351351,104,340,14.80677966101695,48.40677966101695
982,265.4054054054054,105,336,14.949152542372882,47.83728813559322
983,265.6756756756757,104,335,14.80677966101695,47.69491525423729
984,265.94594594594594,104,335,14.80677966101695,47.69491525423729
985,266.2162162162162,103,336,14.664406779661016,47.83728813559322
986,266.48648648648646,103,336,14.664406779661016,47.83728813559322
987,266.7567567567568,103,336,14.664406779661016,47.83728813559322
988,267.02702702702703,102,336,14.522033898305084,47.83728813559322
989,267.2972972972973,102,336,14.522033898305084,47.83728813559322
990,267.56756756756755,102,336,14.522033898305084,47.83728813559322
991,267.8378378378378,102,336,14.522033898305084,47.83728813559322
992,268.10810810810807,102,344,14.522033898305084,48.97627118644068
993,268.3783783783784,103,344,14.664406779661016,48.97627118644068
994,268.64864864864865,104,344,14.80677966101695,48.97627118644068
995,268.9189189189189,105,343,14.949152542372882,48.833898305084745
996,269.18918918918916,112,339,15.945762711864408,48.264406779661016
997,269.4594594594594,108,338,15.376271186440679,48.122033898305084
998,269.72972972972974,107,334,15.233898305084747,47.552542372881355
999,270.0,106,333,15.091525423728815,47.41016949152542
1000,270.27027027027026,108,332,15.376271186440679,47.26779661016949
1001,270.5405405405405,104,332,14.80677966101695,47.26779661016949
1002,270.8108108108108,103,332,14.664406779661016,47.26779661016949
1003,271.0810810810811,103,332,14.664406779661016,47.26779661016949
1004,271.35135135135135,103,336,14.664406779661016,47.83728813559322
1005,271.6216216216216,102,336,14.522033898305084,47.83728813559322
1006,271.8918918918919,103,345,14.664406779661016,49.11864406779661
1007,272.16216216216213,104,345,14.80677966101695,49.11864406779661
1008,272.4324324324324,105,345,14.949152542372882,49.11864406779661
1009,272.7027027027027,106,344,15.091525423728815,48.97627118644068
1010,272.97297297297297,112,336,15.945762711864408,47.83728813559322
1011,273.2432432432432,111,336,15.803389830508475,47.83728813559322
1012,273.5135135135135,108,336,15.376271186440679,47.83728813559322
1013,273.78378378378375,108,336,15.376271186440679,47.83728813559322
1014,274.05405405405406,107,336,15.233898305084747,47.83728813559322
1015,274.3243243243243,106,336,15.091525423728815,47.83728813559322
1016,274.5945945945946,106,336,15.091525423728815,47.83728813559322
1017,274.86486486486484,106,336,15.091525423728815,47.83728813559322
1018,275.1351351351351,106,336,15.091525423728815,47.83728813559322
1019,275.4054054054054,106,340,15.091525423728815,48.40677966101695
1020,275.6756756756757,106,348,15.091525423728815,49.545762711864406
1021,275.94594594594594,107,348,15.233898305084747,49.545762711864406
1022,276.2162162162162,108,348,15.376271186440679,49.545762711864406
1023,276.48648648648646,108,344,15.376271186440679,48.97627118644068
1024,276.7567567567567,112,340,15.945762711864408,48.40677966101695
1025,277.02702702702703,108,340,15.376271186440679,48.40677966101695
1026,277.2972972972973,107,336,15.233898305084747,47.83728813559322
1027,277.56756756756755,106,336,15.091525423728815,47.83728813559322
1028,277.8378378378378,106,336,15.091525423728815,47.83728813559322
1029,278.10810810810807,106,336,15.091525423728815,47.83728813559322
1030,278.3783783783784,106,336,15.091525423728815,47.83728813559322
1031,278.64864864864865,104,336,14.80677966101695,47.83728813559322
1032,278.9189189189189,104,337,14.80677966101695,47.97966101694915
1033,279.18918918918916,104,340,14.80677966101695,48.40677966101695
1034,279.4594594594594,105,348,14.949152542372882,49.545762711864406
1035,279.72972972972974,106,348,15.091525423728815,49.545762711864406
1036,280.0,107,348,15.233898305084747,49.545762711864406
1037,280.27027027027026,112,341,15.945762711864408,48.54915254237288
1038,280.5405405405405,112,340,15.945762711864408,48.40677966101695
1039,280.8108108108108,112,340,15.945762711864408,48.40677966101695
1040,281.0810810810811,112,340,15.945762711864408,48.40677966101695
1041,281.35135135135135,108,340,15.376271186440679,48.40677966101695
1042,281.6216216216216,109,340,15.518644067796611,48.40677966101695
1043,281.8918918918919,108,340,15.376271186440679,48.40677966101695
1044,282.16216216216213,108,341,15.376271186440679,48.54915254237288
1045,282.4324324324324,107,341,15.233898305084747,48.54915254237288
1046,282.7027027027027,107,342,15.233898305084747,48.69152542372881
1047,282.97297297297297,107,343,15.233898305084747,48.833898305084745
1048,283.2432432432432,108,348,15.376271186440679,49.545762711864406
1049,283.5135135135135,108,349,15.376271186440679,49.68813559322034
1050,283.78378378378375,108,349,15.376271186440679,49.68813559322034
1051,284.05405405405406,112,348,15.945762711864408,49.545762711864406
1052,284.3243243243243,112,348,15.945762711864408,49.545762711864406
1053,284.5945945945946,112,348,15.945762711864408,49.545762711864406
1054,284.86486486486484,112,348,15.945762711864408,49.545762711864406
1055,285.1351351351351,108,348,15.376271186440679,49.545762711864406
1056,285.4054054054054,108,348,15.376271186440679,49.545762711864406
1057,285.6756756756757,108,348,15.376271186440679,49.545762711864406
1058,285.94594594594594,107,348,15.233898305084747,49.545762711864406
1059,286.2162162162162,107,348,15.233898305084747,49.545762711864406
1060,286.48648648648646,107,349,15.233898305084747,49.68813559322034
1061,286.7567567567567,107,350,15.233898305084747,49.83050847457627
1062,287.02702702702703,108,351,15.376271186440679,49.9728813559322
1063,287.2972972972973,108,352,15.376271186440679,50.115254237288134
1064,287.56756756756755,112,352,15.945762711864408,50.115254237288134
1065,287.8378378378378,112,351,15.945762711864408,49.9728813559322
1066,288.10810810810807,113,350,16.08813559322034,49.83050847457627
1067,288.3783783783784,112,350,15.945762711864408,49.83050847457627
1068,288.64864864864865,112,350,15.945762711864408,49.83050847457627
1069,288.9189189189189,112,350,15.945762711864408,49.83050847457627
1070,289.18918918918916,112,351,15.945762711864408,49.9728813559322
1071,289.4594594594594,112,352,15.945762711864408,50.115254237288134
1072,289.72972972972974,112,352,15.945762711864408,50.115254237288134
1073,290.0,108,352,15.376271186440679,50.115254237288134
1074,290.27027027027026,107,352,15.233898305084747,50.115254237288134
1075,290.5405405405405,107,352,15.233898305084747,50.115254237288134
1076,290.8108108108108,108,352,15.376271186440679,50.115254237288134
1077,291.0810810810811,109,352,15.518644067796611,50.115254237288134
1078,291.35135135135135,112,352,15.945762711864408,50.115254237288134
1079,291.6216216216216,112,351,15.945762711864408,49.9728813559322
1080,291.8918918918919,112,350,15.945762711864408,49.83050847457627
1081,292.16216216216213,112,349,15.945762711864408,49.68813559322034
1082,292.4324324324324,112,349,15.945762711864408,49.68813559322034
1083,292.7027027027027,112,349,15.945762711864408,49.68813559322034
1084,292.97297297297297,112,349,15.945762711864408,49.68813559322034
1085,293.2432432432432,112,349,15.945762711864408,49.68813559322034
1086,293.5135135135135,112,349,15.945762711864408,49.68813559322034
1087,293.78378378378375,108,349,15.376271186440679,49.68813559322034
1088,294.05405405405406,107,349,15.233898305084747,49.68813559322034
1089,294.3243243243243,107,349,15.233898305084747,49.68813559322034
1090,294.5945945945946,108,349,15.376271186440679,49.68813559322034
1091,294.86486486486484,109,350,15.518644067796611,49.83050847457627
1092,295.1351351351351,112,350,15.945762711864408,49.83050847457627
1093,295.4054054054054,112,350,15.945762711864408,49.83050847457627
1094,295.6756756756757,112,350,15.945762711864408,49.83050847457627
1095,295.94594594594594,112,349,15.945762711864408,49.68813559322034
1096,296.2162162162162,112,350,15.945762711864408,49.83050847457627
1097,296.48648648648646,112,350,15.945762711864408,49.83050847457627
1098,296.7567567567567,112,351,15.945762711864408,49.9728813559322
1099,297.02702702702703,112,351,15.945762711864408,49.9728813559322
1100,297.2972972972973,112,351,15.945762711864408,49.9728813559322
1101,297.56756756756755,112,351,15.945762711864408,49.9728813559322
1102,297.8378378378378,108,351,15.376271186440679,49.9728813559322
1103,298.10810810810807,108,351,15.376271186440679,49.9728813559322
1104,298.3783783783784,112,352,15.945762711864408,50.115254237288134
1105,298.64864864864865,112,352,15.945762711864408,50.115254237288134
1106,298.9189189189189,112,352,15.945762711864408,50.115254237288134
1107,299.18918918918916,112,352,15.945762711864408,50.115254237288134
1108,299.4594594594594,114,352,16.230508474576272,50.115254237288134
1109,299.72972972972974,112,352,15.945762711864408,50.115254237288134
1110,300.0,112,352,15.945762711864408,50.115254237288134
1111,300.27027027027026,112,352,15.945762711864408,50.115254237288134
1112,300.5405405405405,112,352,15.945762711864408,50.115254237288134
1113,300.8108108108108,112,352,15.945762711864408,50.115254237288134
1114,301.0810810810811,112,352,15.945762711864408,50.115254237288134
1115,301.35135135135135,112,352,15.945762711864408,50.115254237288134
1116,301.6216216216216,108,352,15.376271186440679,50.115254237288134
1117,301.8918918918919,108,352,15.376271186440679,50.115254237288134
1118,302.16216216216213,112,352,15.945762711864408,50.115254237288134
1119,302.4324324324324,112,352,15.945762711864408,50.115254237288134
1120,302.7027027027027,112,352,15.945762711864408,50.115254237288134
1121,302.97297297297297,112,352,15.945762711864408,50.115254237288134
1122,303.2432432432432,112,351,15.945762711864408,49.9728813559322
1123,303.5135135135135,112,352,15.945762711864408,50.115254237288134
1124,303.78378378378375,112,352,15.945762711864408,50.115254237288134
1125,304.05405405405406,112,352,15.945762711864408,50.115254237288134
1126,304.3243243243243,112,352,15.945762711864408,50.115254237288134
1127,304.5945945945946,112,352,15.945762711864408,50.115254237288134
1128,304.86486486486484,112,352,15.945762711864408,50.115254237288134
1129,305.1351351351351,108,352,15.376271186440679,50.115254237288134
1130,305.4054054054054,108,352,15.376271186440679,50.115254237288134
1131,305.6756756756757,108,352,15.376271186440679,50.115254237288134
1132,305.94594594594594,112,352,15.945762711864408,50.115254237288134
1133,306.2162162162162,112,353,15.945762711864408,50.257627118644066
1134,306.48648648648646,112,352,15.945762711864408,50.115254237288134
1135,306.7567567567567,114,352,16.230508474576272,50.115254237288134
1136,307.02702702702703,116,352,16.515254237288136,50.115254237288134
1137,307.2972972972973,116,352,16.515254237288136,50.115254237288134
1138,307.56756756756755,112,352,15.945762711864408,50.115254237288134
1139,307.8378378378378,112,352,15.945762711864408,50.115254237288134
1140,308.10810810810807,112,352,15.945762711864408,50.115254237288134
